,GDP,Unemployment Rate,CPI,Fed Funds Rate
1954-07-01,390.996,5.8,26.86,0.8
1954-08-01,393.90866666666665,6.0,26.85,1.22
1954-09-01,396.8213333333333,6.1,26.81,1.07
1954-10-01,399.734,5.7,26.72,0.85
1954-11-01,404.1803333333333,5.3,26.78,0.83
1954-12-01,408.62666666666667,5.0,26.77,1.28
1955-01-01,413.073,4.9,26.77,1.39
1955-02-01,415.8926666666666,4.7,26.82,1.29
1955-03-01,418.71233333333333,4.6,26.79,1.35
1955-04-01,421.532,4.7,26.79,1.43
1955-05-01,424.42833333333334,4.3,26.77,1.43
1955-06-01,427.32466666666664,4.2,26.71,1.64
1955-07-01,430.221,4.0,26.76,1.68
1955-08-01,432.5113333333333,4.2,26.72,1.96
1955-09-01,434.8016666666667,4.1,26.85,2.18
1955-10-01,437.092,4.3,26.82,2.24
1955-11-01,437.97666666666663,4.2,26.88,2.35
1955-12-01,438.86133333333333,4.2,26.87,2.48
1956-01-01,439.746,4.0,26.83,2.45
1956-02-01,441.834,3.9,26.86,2.5
1956-03-01,443.92199999999997,4.2,26.89,2.5
1956-04-01,446.01,4.0,26.93,2.62
1956-05-01,447.73699999999997,4.3,27.03,2.75
1956-06-01,449.464,4.3,27.15,2.71
1956-07-01,451.191,4.4,27.29,2.75
1956-08-01,454.28166666666664,4.1,27.31,2.73
1956-09-01,457.37233333333336,3.9,27.35,2.95
1956-10-01,460.463,3.9,27.51,2.96
1956-11-01,463.5683333333333,4.3,27.51,2.88
1956-12-01,466.6736666666667,4.2,27.63,2.94
1957-01-01,469.779,4.2,27.67,2.84
1957-02-01,470.5276666666667,3.9,27.8,3.0
1957-03-01,471.2763333333333,3.7,27.86,2.96
1957-04-01,472.025,3.9,27.93,3.0
1957-05-01,474.5133333333333,4.1,28.0,3.0
1957-06-01,477.00166666666667,4.3,28.11,3.0
1957-07-01,479.49,4.2,28.19,2.99
1957-08-01,477.948,4.1,28.28,3.24
1957-09-01,476.406,4.4,28.32,3.47
1957-10-01,474.864,4.5,28.32,3.5
1957-11-01,472.42266666666666,5.1,28.41,3.28
1957-12-01,469.98133333333334,5.2,28.47,2.98
1958-01-01,467.54,5.8,28.64,2.72
1958-02-01,469.01933333333335,6.4,28.7,1.67
1958-03-01,470.4986666666667,6.7,28.87,1.2
1958-04-01,471.978,7.4,28.94,1.26
1958-05-01,476.599,7.4,28.94,0.63
1958-06-01,481.22,7.3,28.91,0.93
1958-07-01,485.841,7.5,28.89,0.68
1958-08-01,490.4123333333333,7.4,28.94,1.53
1958-09-01,494.9836666666667,7.1,28.91,1.76
1958-10-01,499.555,6.7,28.91,1.8
1958-11-01,503.14666666666665,6.2,28.95,2.27
1958-12-01,506.73833333333334,6.2,28.97,2.42
1959-01-01,510.33,6.0,29.01,2.48
1959-02-01,514.4376666666667,5.9,29.0,2.43
1959-03-01,518.5453333333334,5.6,28.97,2.8
1959-04-01,522.653,5.2,28.98,2.96
1959-05-01,523.4466666666667,5.1,29.04,2.9
1959-06-01,524.2403333333333,5.0,29.11,3.39
1959-07-01,525.034,5.1,29.15,3.47
1959-08-01,526.2226666666667,5.2,29.18,3.5
1959-09-01,527.4113333333333,5.5,29.25,3.76
1959-10-01,528.6,5.7,29.35,3.98
1959-11-01,533.2826666666667,5.8,29.35,4.0
1959-12-01,537.9653333333333,5.3,29.41,3.99
1960-01-01,542.648,5.2,29.37,3.99
1960-02-01,542.1253333333334,4.8,29.41,3.97
1960-03-01,541.6026666666667,5.4,29.41,3.84
1960-04-01,541.08,5.2,29.54,3.92
1960-05-01,542.5880000000001,5.1,29.57,3.85
1960-06-01,544.096,5.4,29.61,3.32
1960-07-01,545.604,5.5,29.55,3.23
1960-08-01,543.8016666666667,5.6,29.61,2.98
1960-09-01,541.9993333333333,5.5,29.61,2.6
1960-10-01,540.197,6.1,29.75,2.47
1960-11-01,541.804,6.1,29.78,2.44
1960-12-01,543.4110000000001,6.6,29.81,1.98
1961-01-01,545.018,6.6,29.84,1.45
1961-02-01,548.527,6.9,29.84,2.54
1961-03-01,552.036,6.9,29.84,2.02
1961-04-01,555.545,7.0,29.81,1.49
1961-05-01,559.5846666666666,7.1,29.84,1.98
1961-06-01,563.6243333333333,6.9,29.84,1.73
1961-07-01,567.664,7.0,29.92,1.17
1961-08-01,571.98,6.6,29.94,2.0
1961-09-01,576.2959999999999,6.7,29.98,1.88
1961-10-01,580.612,6.5,29.98,2.26
1961-11-01,585.079,6.1,29.98,2.61
1961-12-01,589.546,6.0,30.01,2.33
1962-01-01,594.013,5.8,30.04,2.15
1962-02-01,596.1306666666667,5.5,30.11,2.37
1962-03-01,598.2483333333333,5.6,30.17,2.85
1962-04-01,600.366,5.6,30.21,2.78
1962-05-01,603.253,5.5,30.24,2.36
1962-06-01,606.14,5.5,30.21,2.68
1962-07-01,609.027,5.4,30.22,2.71
1962-08-01,610.1113333333334,5.7,30.28,2.93
1962-09-01,611.1956666666666,5.6,30.42,2.9
1962-10-01,612.28,5.4,30.38,2.9
1962-11-01,615.4106666666667,5.7,30.38,2.94
1962-12-01,618.5413333333333,5.5,30.38,2.93
1963-01-01,621.672,5.7,30.44,2.92
1963-02-01,624.3653333333333,5.9,30.48,3.0
1963-03-01,627.0586666666667,5.7,30.51,2.98
1963-04-01,629.752,5.7,30.48,2.9
1963-05-01,634.6493333333333,5.9,30.51,3.0
1963-06-01,639.5466666666666,5.6,30.61,2.99
1963-07-01,644.444,5.6,30.69,3.02
1963-08-01,647.6086666666666,5.4,30.75,3.49
1963-09-01,650.7733333333333,5.5,30.72,3.48
1963-10-01,653.938,5.5,30.75,3.5
1963-11-01,659.2326666666667,5.7,30.78,3.48
1963-12-01,664.5273333333333,5.5,30.88,3.38
1964-01-01,669.822,5.6,30.94,3.48
1964-02-01,672.7726666666666,5.4,30.91,3.48
1964-03-01,675.7233333333334,5.4,30.94,3.43
1964-04-01,678.674,5.3,30.95,3.47
1964-05-01,683.1263333333333,5.1,30.98,3.5
1964-06-01,687.5786666666667,5.2,31.01,3.5
1964-07-01,692.031,4.9,31.02,3.42
1964-08-01,693.7936666666666,5.0,31.05,3.5
1964-09-01,695.5563333333333,5.1,31.08,3.45
1964-10-01,697.319,5.1,31.12,3.36
1964-11-01,704.1426666666666,4.8,31.21,3.52
1964-12-01,710.9663333333333,5.0,31.25,3.85
1965-01-01,717.79,4.9,31.28,3.9
1965-02-01,721.9236666666667,5.1,31.28,3.98
1965-03-01,726.0573333333333,4.7,31.31,4.05
1965-04-01,730.191,4.8,31.38,4.09
1965-05-01,736.5683333333334,4.6,31.48,4.1
1965-06-01,742.9456666666666,4.6,31.61,4.05
1965-07-01,749.323,4.4,31.58,4.09
1965-08-01,756.8343333333333,4.4,31.55,4.12
1965-09-01,764.3456666666666,4.3,31.62,4.02
1965-10-01,771.857,4.2,31.65,4.08
1965-11-01,779.816,4.1,31.75,4.1
1965-12-01,787.775,4.0,31.85,4.32
1966-01-01,795.734,4.0,31.88,4.42
1966-02-01,798.8163333333333,3.8,32.08,4.6
1966-03-01,801.8986666666667,3.8,32.18,4.66
1966-04-01,804.981,3.8,32.28,4.67
1966-05-01,809.8666666666667,3.9,32.35,4.9
1966-06-01,814.7523333333334,3.8,32.38,5.17
1966-07-01,819.638,3.8,32.45,5.3
1966-08-01,824.1926666666667,3.8,32.65,5.53
1966-09-01,828.7473333333334,3.7,32.75,5.4
1966-10-01,833.302,3.7,32.85,5.53
1966-11-01,836.9246666666667,3.6,32.88,5.76
1966-12-01,840.5473333333333,3.8,32.92,5.4
1967-01-01,844.17,3.9,32.9,4.94
1967-02-01,845.7743333333333,3.8,33.0,5.0
1967-03-01,847.3786666666666,3.8,33.0,4.53
1967-04-01,848.983,3.8,33.1,4.05
1967-05-01,854.3996666666666,3.8,33.1,3.94
1967-06-01,859.8163333333333,3.9,33.3,3.98
1967-07-01,865.233,3.8,33.4,3.79
1967-08-01,870.635,3.8,33.5,3.9
1967-09-01,876.0369999999999,3.8,33.6,3.99
1967-10-01,881.439,4.0,33.7,3.88
1967-11-01,890.755,3.9,33.9,4.13
1967-12-01,900.0709999999999,3.8,34.0,4.51
1968-01-01,909.387,3.7,34.1,4.61
1968-02-01,917.706,3.8,34.2,4.71
1968-03-01,926.025,3.7,34.3,5.05
1968-04-01,934.344,3.5,34.4,5.76
1968-05-01,939.8376666666667,3.5,34.5,6.12
1968-06-01,945.3313333333334,3.7,34.7,6.07
1968-07-01,950.825,3.7,34.9,6.03
1968-08-01,956.5600000000001,3.5,35.0,6.03
1968-09-01,962.295,3.4,35.1,5.78
1968-10-01,968.03,3.4,35.3,5.91
1968-11-01,976.4656666666666,3.4,35.4,5.82
1968-12-01,984.9013333333334,3.4,35.6,6.02
1969-01-01,993.337,3.4,35.7,6.3
1969-02-01,998.5646666666667,3.4,35.8,6.61
1969-03-01,1003.7923333333333,3.4,36.1,6.79
1969-04-01,1009.02,3.4,36.3,7.41
1969-05-01,1015.9986666666666,3.4,36.4,8.67
1969-06-01,1022.9773333333333,3.5,36.6,8.9
1969-07-01,1029.956,3.5,36.8,8.61
1969-08-01,1032.6863333333333,3.5,36.9,9.19
1969-09-01,1035.4166666666665,3.7,37.1,9.15
1969-10-01,1038.147,3.7,37.3,9.0
1969-11-01,1042.498,3.5,37.5,8.85
1969-12-01,1046.849,3.5,37.7,8.97
1970-01-01,1051.2,3.9,37.9,8.98
1970-02-01,1056.5916666666667,4.2,38.1,8.98
1970-03-01,1061.9833333333333,4.4,38.3,7.76
1970-04-01,1067.375,4.6,38.5,8.1
1970-05-01,1073.603,4.8,38.6,7.95
1970-06-01,1079.831,4.9,38.8,7.61
1970-07-01,1086.059,5.0,38.9,7.21
1970-08-01,1086.9086666666667,5.1,39.0,6.62
1970-09-01,1087.7583333333332,5.4,39.2,6.29
1970-10-01,1088.608,5.5,39.4,6.2
1970-11-01,1104.124,5.9,39.6,5.6
1970-12-01,1119.6399999999999,6.1,39.8,4.9
1971-01-01,1135.156,5.9,39.9,4.14
1971-02-01,1142.1943333333334,5.9,39.9,3.72
1971-03-01,1149.2326666666665,6.0,40.0,3.71
1971-04-01,1156.271,5.9,40.1,4.16
1971-05-01,1163.4056666666665,5.9,40.3,4.63
1971-06-01,1170.5403333333334,5.9,40.5,4.91
1971-07-01,1177.675,6.0,40.6,5.31
1971-08-01,1181.8823333333332,6.1,40.7,5.57
1971-09-01,1186.0896666666667,6.0,40.8,5.55
1971-10-01,1190.297,5.8,40.9,5.2
1971-11-01,1203.7343333333333,6.0,41.0,4.91
1971-12-01,1217.1716666666666,6.0,41.1,4.14
1972-01-01,1230.609,5.8,41.2,3.51
1972-02-01,1242.529,5.7,41.4,3.3
1972-03-01,1254.4489999999998,5.8,41.4,3.83
1972-04-01,1266.369,5.7,41.5,4.17
1972-05-01,1274.4346666666665,5.7,41.6,4.27
1972-06-01,1282.5003333333334,5.7,41.7,4.46
1972-07-01,1290.566,5.6,41.8,4.55
1972-08-01,1303.3453333333334,5.6,41.9,4.81
1972-09-01,1316.1246666666666,5.5,42.1,4.87
1972-10-01,1328.904,5.6,42.2,5.05
1972-11-01,1345.0993333333333,5.3,42.4,5.06
1972-12-01,1361.2946666666667,5.2,42.5,5.33
1973-01-01,1377.49,4.9,42.7,5.94
1973-02-01,1389.6223333333332,5.0,43.0,6.58
1973-03-01,1401.7546666666667,4.9,43.4,7.09
1973-04-01,1413.887,5.0,43.7,7.12
1973-05-01,1420.5373333333332,4.9,43.9,7.84
1973-06-01,1427.1876666666667,4.9,44.2,8.49
1973-07-01,1433.838,4.8,44.2,10.4
1973-08-01,1447.9883333333332,4.8,45.0,10.5
1973-09-01,1462.1386666666667,4.8,45.2,10.78
1973-10-01,1476.289,4.6,45.6,10.01
1973-11-01,1481.2623333333333,4.8,45.9,10.03
1973-12-01,1486.2356666666667,4.9,46.3,9.95
1974-01-01,1491.209,5.1,46.8,9.65
1974-02-01,1504.1580000000001,5.2,47.3,8.97
1974-03-01,1517.107,5.1,47.8,9.35
1974-04-01,1530.056,5.1,48.1,10.51
1974-05-01,1540.046,5.1,48.6,11.31
1974-06-01,1550.036,5.4,49.0,11.93
1974-07-01,1560.026,5.5,49.3,12.92
1974-08-01,1573.2436666666667,5.5,49.9,12.01
1974-09-01,1586.4613333333334,5.9,50.6,11.34
1974-10-01,1599.679,6.0,51.0,10.06
1974-11-01,1605.1580000000001,6.6,51.5,9.45
1974-12-01,1610.637,7.2,51.9,8.53
1975-01-01,1616.116,8.1,52.3,7.13
1975-02-01,1628.0283333333334,8.1,52.6,6.24
1975-03-01,1639.9406666666666,8.6,52.8,5.54
1975-04-01,1651.853,8.8,53.0,5.49
1975-05-01,1671.1753333333334,9.0,53.1,5.22
1975-06-01,1690.4976666666666,8.8,53.5,5.55
1975-07-01,1709.82,8.6,54.0,6.1
1975-08-01,1727.157,8.4,54.2,6.14
1975-09-01,1744.494,8.4,54.6,6.24
1975-10-01,1761.831,8.4,54.9,5.82
1975-11-01,1781.383,8.3,55.3,5.22
1975-12-01,1800.935,8.2,55.6,5.2
1976-01-01,1820.487,7.9,55.8,4.87
1976-02-01,1831.102,7.7,55.9,4.77
1976-03-01,1841.717,7.6,56.0,4.84
1976-04-01,1852.332,7.7,56.1,4.82
1976-05-01,1863.7406666666668,7.4,56.4,5.29
1976-06-01,1875.1493333333333,7.6,56.7,5.48
1976-07-01,1886.558,7.8,57.0,5.31
1976-08-01,1902.463,7.8,57.3,5.29
1976-09-01,1918.368,7.6,57.6,5.25
1976-10-01,1934.273,7.7,57.9,5.02
1976-11-01,1952.398,7.8,58.1,4.95
1976-12-01,1970.523,7.8,58.4,4.65
1977-01-01,1988.648,7.5,58.7,4.61
1977-02-01,2011.0683333333334,7.6,59.3,4.68
1977-03-01,2033.4886666666666,7.4,59.6,4.69
1977-04-01,2055.909,7.2,60.0,4.73
1977-05-01,2076.7636666666667,7.0,60.2,5.35
1977-06-01,2097.6183333333333,7.2,60.5,5.39
1977-07-01,2118.473,6.9,60.8,5.42
1977-08-01,2133.7386666666666,7.0,61.1,5.9
1977-09-01,2149.0043333333333,6.8,61.3,6.14
1977-10-01,2164.27,6.8,61.6,6.47
1977-11-01,2177.1,6.8,62.0,6.51
1977-12-01,2189.9300000000003,6.4,62.3,6.56
1978-01-01,2202.76,6.4,62.7,6.7
1978-02-01,2245.717666666667,6.3,63.0,6.78
1978-03-01,2288.675333333333,6.3,63.4,6.79
1978-04-01,2331.633,6.1,63.9,6.89
1978-05-01,2352.7729999999997,6.0,64.5,7.36
1978-06-01,2373.913,5.9,65.0,7.6
1978-07-01,2395.053,6.2,65.5,7.81
1978-08-01,2422.3516666666665,5.9,65.9,8.04
1978-09-01,2449.6503333333335,6.0,66.5,8.45
1978-10-01,2476.949,5.8,67.1,8.96
1978-11-01,2493.5026666666668,5.9,67.5,9.76
1978-12-01,2510.0563333333334,6.0,67.9,10.03
1979-01-01,2526.61,5.9,68.5,10.07
1979-02-01,2548.1556666666665,5.9,69.2,10.06
1979-03-01,2569.7013333333334,5.8,69.9,10.09
1979-04-01,2591.247,5.8,70.6,10.01
1979-05-01,2616.686333333333,5.6,71.4,10.24
1979-06-01,2642.125666666667,5.7,72.2,10.29
1979-07-01,2667.565,5.7,73.0,10.47
1979-08-01,2686.337666666667,6.0,73.7,10.94
1979-09-01,2705.110333333333,5.9,74.4,11.43
1979-10-01,2723.883,6.0,75.2,13.77
1979-11-01,2745.869333333333,5.9,76.0,13.18
1979-12-01,2767.855666666667,6.0,76.9,13.78
1980-01-01,2789.842,6.3,78.0,13.82
1980-02-01,2792.345333333333,6.3,79.0,14.13
1980-03-01,2794.8486666666668,6.3,80.1,17.19
1980-04-01,2797.352,6.9,80.9,17.61
1980-05-01,2817.0623333333333,7.5,81.7,10.98
1980-06-01,2836.7726666666667,7.6,82.5,9.47
1980-07-01,2856.483,7.8,82.6,9.03
1980-08-01,2899.507666666667,7.7,83.2,9.61
1980-09-01,2942.532333333333,7.5,83.9,10.87
1980-10-01,2985.557,7.5,84.7,12.81
1980-11-01,3031.773333333333,7.5,85.6,15.85
1980-12-01,3077.989666666667,7.2,86.4,18.9
1981-01-01,3124.206,7.5,87.2,19.08
1981-02-01,3136.9813333333336,7.4,88.0,15.93
1981-03-01,3149.7566666666667,7.4,88.6,14.7
1981-04-01,3162.532,7.2,89.1,15.72
1981-05-01,3195.2243333333336,7.5,89.7,18.52
1981-06-01,3227.9166666666665,7.5,90.5,19.1
1981-07-01,3260.609,7.2,91.5,19.04
1981-08-01,3267.345333333333,7.4,92.2,17.82
1981-09-01,3274.081666666667,7.6,93.1,15.87
1981-10-01,3280.818,7.9,93.4,15.08
1981-11-01,3278.646,8.3,93.8,13.31
1981-12-01,3276.474,8.5,94.1,12.37
1982-01-01,3274.302,8.6,94.4,13.22
1982-02-01,3293.5253333333335,8.9,94.7,14.78
1982-03-01,3312.748666666667,9.0,94.7,14.68
1982-04-01,3331.972,9.3,95.0,14.94
1982-05-01,3343.422,9.4,95.9,14.45
1982-06-01,3354.8720000000003,9.6,97.0,14.15
1982-07-01,3366.322,9.8,97.5,12.59
1982-08-01,3378.4016666666666,9.8,97.7,10.12
1982-09-01,3390.4813333333336,10.1,97.7,10.31
1982-10-01,3402.561,10.4,98.1,9.71
1982-11-01,3426.1783333333333,10.8,98.0,9.2
1982-12-01,3449.795666666667,10.8,97.7,8.95
1983-01-01,3473.413,10.4,97.9,8.68
1983-02-01,3508.558,10.4,98.0,8.51
1983-03-01,3543.703,10.3,98.1,8.77
1983-04-01,3578.848,10.2,98.8,8.8
1983-05-01,3615.625,10.1,99.2,8.63
1983-06-01,3652.402,10.1,99.4,8.98
1983-07-01,3689.179,9.4,99.8,9.37
1983-08-01,3724.3546666666666,9.5,100.1,9.56
1983-09-01,3759.5303333333336,9.2,100.4,9.45
1983-10-01,3794.706,8.8,100.8,9.48
1983-11-01,3832.4886666666666,8.5,101.1,9.34
1983-12-01,3870.2713333333336,8.3,101.4,9.47
1984-01-01,3908.054,8.0,102.1,9.56
1984-02-01,3941.9030000000002,7.8,102.6,9.59
1984-03-01,3975.752,7.8,102.9,9.91
1984-04-01,4009.601,7.7,103.3,10.29
1984-05-01,4034.484,7.4,103.5,10.32
1984-06-01,4059.367,7.2,103.7,11.06
1984-07-01,4084.25,7.5,104.1,11.23
1984-08-01,4105.683666666667,7.5,104.4,11.64
1984-09-01,4127.117333333334,7.3,104.7,11.3
1984-10-01,4148.551,7.4,105.1,9.99
1984-11-01,4175.756666666667,7.2,105.3,9.43
1984-12-01,4202.962333333333,7.3,105.5,8.38
1985-01-01,4230.168,7.3,105.7,8.35
1985-02-01,4251.741,7.2,106.3,8.5
1985-03-01,4273.313999999999,7.2,106.8,8.58
1985-04-01,4294.887,7.3,107.0,8.27
1985-05-01,4325.515666666666,7.2,107.2,7.97
1985-06-01,4356.144333333334,7.4,107.5,7.53
1985-07-01,4386.773,7.4,107.7,7.88
1985-08-01,4405.88,7.1,107.9,7.9
1985-09-01,4424.987,7.1,108.1,7.92
1985-10-01,4444.094,7.1,108.5,7.99
1985-11-01,4465.3606666666665,7.0,109.0,8.05
1985-12-01,4486.627333333334,7.0,109.5,8.27
1986-01-01,4507.894,6.7,109.9,8.14
1986-02-01,4520.376,7.2,109.7,7.86
1986-03-01,4532.858,7.2,109.1,7.48
1986-04-01,4545.34,7.1,108.7,6.99
1986-05-01,4566.116333333333,7.2,109.0,6.85
1986-06-01,4586.892666666667,7.2,109.4,6.92
1986-07-01,4607.669,7.0,109.5,6.56
1986-08-01,4624.321666666667,6.9,109.6,6.17
1986-09-01,4640.974333333334,7.0,110.0,5.89
1986-10-01,4657.627,7.0,110.2,5.85
1986-11-01,4679.136666666667,6.9,110.4,6.04
1986-12-01,4700.646333333333,6.6,110.8,6.91
1987-01-01,4722.156,6.6,111.4,6.43
1987-02-01,4750.157333333334,6.6,111.8,6.1
1987-03-01,4778.158666666666,6.6,112.2,6.13
1987-04-01,4806.16,6.3,112.7,6.37
1987-05-01,4832.291666666667,6.3,113.0,6.85
1987-06-01,4858.423333333333,6.2,113.5,6.73
1987-07-01,4884.555,6.1,113.8,6.58
1987-08-01,4925.701333333333,6.0,114.3,6.73
1987-09-01,4966.847666666667,5.9,114.7,7.22
1987-10-01,5007.994,6.0,115.0,7.29
1987-11-01,5029.786666666667,5.8,115.4,6.69
1987-12-01,5051.579333333333,5.7,115.6,6.77
1988-01-01,5073.372,5.7,116.0,6.83
1988-02-01,5112.26,5.7,116.2,6.58
1988-03-01,5151.148,5.7,116.5,6.58
1988-04-01,5190.036,5.4,117.2,6.87
1988-05-01,5220.969,5.6,117.5,7.09
1988-06-01,5251.902,5.4,118.0,7.51
1988-07-01,5282.835,5.4,118.5,7.75
1988-08-01,5321.726333333333,5.6,119.0,8.01
1988-09-01,5360.617666666667,5.4,119.5,8.19
1988-10-01,5399.509,5.4,119.9,8.3
1988-11-01,5436.757,5.3,120.3,8.35
1988-12-01,5474.005,5.3,120.7,8.76
1989-01-01,5511.253,5.4,121.2,9.12
1989-02-01,5544.989666666666,5.2,121.6,9.36
1989-03-01,5578.726333333333,5.0,122.2,9.85
1989-04-01,5612.463,5.2,123.1,9.84
1989-05-01,5640.097,5.2,123.7,9.81
1989-06-01,5667.731,5.3,124.1,9.53
1989-07-01,5695.365,5.2,124.5,9.24
1989-08-01,5712.655666666667,5.2,124.5,8.99
1989-09-01,5729.946333333333,5.3,124.8,9.02
1989-10-01,5747.237,5.3,125.4,8.84
1989-11-01,5789.058333333333,5.4,125.9,8.55
1989-12-01,5830.879666666667,5.4,126.3,8.45
1990-01-01,5872.701,5.4,127.5,8.23
1990-02-01,5901.81,5.3,128.0,8.24
1990-03-01,5930.919,5.2,128.6,8.28
1990-04-01,5960.028,5.4,128.9,8.26
1990-05-01,5978.390666666667,5.4,129.1,8.18
1990-06-01,5996.753333333333,5.2,129.9,8.29
1990-07-01,6015.116,5.5,130.5,8.15
1990-08-01,6011.655,5.7,131.6,8.13
1990-09-01,6008.194,5.9,132.5,8.2
1990-10-01,6004.733,5.9,133.4,8.11
1990-11-01,6014.881333333334,6.2,133.7,7.81
1990-12-01,6025.029666666666,6.3,134.2,7.31
1991-01-01,6035.178,6.4,134.7,6.91
1991-02-01,6065.739333333333,6.6,134.8,6.25
1991-03-01,6096.300666666667,6.8,134.8,6.12
1991-04-01,6126.862,6.7,135.1,5.91
1991-05-01,6153.220333333334,6.9,135.6,5.78
1991-06-01,6179.578666666666,6.9,136.0,5.9
1991-07-01,6205.937,6.8,136.2,5.82
1991-08-01,6225.471333333333,6.9,136.6,5.66
1991-09-01,6245.005666666667,6.9,137.0,5.45
1991-10-01,6264.54,7.0,137.2,5.21
1991-11-01,6297.394,7.0,137.8,4.81
1991-12-01,6330.248,7.3,138.2,4.43
1992-01-01,6363.102,7.3,138.3,4.03
1992-02-01,6398.989,7.4,138.6,4.06
1992-03-01,6434.876,7.4,139.1,3.98
1992-04-01,6470.763,7.4,139.4,3.73
1992-05-01,6502.722333333333,7.6,139.7,3.82
1992-06-01,6534.681666666666,7.8,140.1,3.76
1992-07-01,6566.641,7.7,140.5,3.25
1992-08-01,6604.695,7.6,140.8,3.3
1992-09-01,6642.749,7.6,141.1,3.22
1992-10-01,6680.803,7.3,141.7,3.1
1992-11-01,6697.0216666666665,7.4,142.1,3.09
1992-12-01,6713.240333333333,7.4,142.3,2.92
1993-01-01,6729.459,7.3,142.8,3.02
1993-02-01,6755.952333333334,7.1,143.1,3.03
1993-03-01,6782.4456666666665,7.0,143.3,3.07
1993-04-01,6808.939,7.1,143.8,2.96
1993-05-01,6833.325333333333,7.1,144.2,3.0
1993-06-01,6857.711666666667,7.0,144.3,3.04
1993-07-01,6882.098,6.9,144.5,3.06
1993-08-01,6925.978,6.8,144.8,3.03
1993-09-01,6969.858,6.7,145.0,3.09
1993-10-01,7013.738,6.8,145.6,2.99
1993-11-01,7047.709333333333,6.6,146.0,3.02
1993-12-01,7081.680666666667,6.5,146.3,2.96
1994-01-01,7115.652,6.6,146.3,3.05
1994-02-01,7159.411666666667,6.6,146.7,3.25
1994-03-01,7203.171333333333,6.5,147.1,3.34
1994-04-01,7246.931,6.4,147.2,3.56
1994-05-01,7274.978999999999,6.1,147.5,4.01
1994-06-01,7303.027,6.1,147.9,4.25
1994-07-01,7331.075,6.1,148.4,4.26
1994-08-01,7372.479333333333,6.0,149.0,4.47
1994-09-01,7413.883666666667,5.9,149.3,4.73
1994-10-01,7455.288,5.8,149.4,4.76
1994-11-01,7477.621666666666,5.6,149.8,5.29
1994-12-01,7499.955333333333,5.5,150.1,5.45
1995-01-01,7522.289,5.6,150.5,5.53
1995-02-01,7541.858333333334,5.4,150.9,5.92
1995-03-01,7561.4276666666665,5.4,151.2,5.98
1995-04-01,7580.997,5.8,151.8,6.05
1995-05-01,7615.039666666667,5.6,152.1,6.01
1995-06-01,7649.082333333334,5.6,152.4,6.0
1995-07-01,7683.125,5.7,152.6,5.85
1995-08-01,7712.945333333333,5.7,152.9,5.74
1995-09-01,7742.765666666667,5.6,153.1,5.8
1995-10-01,7772.586,5.5,153.5,5.76
1995-11-01,7804.546666666667,5.6,153.7,5.8
1995-12-01,7836.507333333333,5.6,153.9,5.6
1996-01-01,7868.468,5.6,154.7,5.56
1996-02-01,7923.258666666667,5.5,155.0,5.22
1996-03-01,7978.049333333333,5.5,155.5,5.31
1996-04-01,8032.84,5.6,156.1,5.22
1996-05-01,8065.696,5.6,156.4,5.24
1996-06-01,8098.552000000001,5.3,156.7,5.27
1996-07-01,8131.408,5.5,157.0,5.4
1996-08-01,8174.195666666667,5.1,157.2,5.22
1996-09-01,8216.983333333334,5.2,157.7,5.3
1996-10-01,8259.771,5.2,158.2,5.24
1996-11-01,8294.065666666667,5.4,158.7,5.31
1996-12-01,8328.360333333334,5.4,159.1,5.29
1997-01-01,8362.655,5.3,159.4,5.25
1997-02-01,8414.711666666668,5.2,159.7,5.19
1997-03-01,8466.768333333333,5.2,159.8,5.39
1997-04-01,8518.825,5.1,159.9,5.51
1997-05-01,8566.824333333334,4.9,159.9,5.5
1997-06-01,8614.823666666667,5.0,160.2,5.56
1997-07-01,8662.823,4.9,160.4,5.52
1997-08-01,8697.184333333333,4.8,160.8,5.54
1997-09-01,8731.545666666667,4.9,161.2,5.54
1997-10-01,8765.907,4.7,161.5,5.5
1997-11-01,8799.431333333332,4.6,161.7,5.52
1997-12-01,8832.955666666667,4.7,161.8,5.5
1998-01-01,8866.48,4.6,162.0,5.56
1998-02-01,8900.886333333334,4.6,162.0,5.51
1998-03-01,8935.292666666666,4.7,162.0,5.49
1998-04-01,8969.699,4.3,162.2,5.45
1998-05-01,9020.165,4.4,162.6,5.49
1998-06-01,9070.631,4.5,162.8,5.56
1998-07-01,9121.097,4.5,163.2,5.54
1998-08-01,9178.728333333333,4.5,163.4,5.55
1998-09-01,9236.359666666667,4.6,163.5,5.51
1998-10-01,9293.991,4.5,163.9,5.07
1998-11-01,9333.221333333333,4.4,164.1,4.83
1998-12-01,9372.451666666668,4.4,164.4,4.68
1999-01-01,9411.682,4.3,164.7,4.63
1999-02-01,9449.858,4.4,164.7,4.76
1999-03-01,9488.034,4.2,164.8,4.81
1999-04-01,9526.21,4.3,165.9,4.74
1999-05-01,9579.681999999999,4.2,166.0,4.74
1999-06-01,9633.154,4.3,166.0,4.76
1999-07-01,9686.626,4.3,166.7,4.99
1999-08-01,9757.807,4.2,167.1,5.07
1999-09-01,9828.988,4.2,167.8,5.22
1999-10-01,9900.169,4.1,168.1,5.2
1999-11-01,9934.172333333334,4.1,168.4,5.42
1999-12-01,9968.175666666666,4.0,168.8,5.3
2000-01-01,10002.179,4.0,169.3,5.45
2000-02-01,10084.026,4.1,170.0,5.73
2000-03-01,10165.873,4.0,171.0,5.85
2000-04-01,10247.72,3.8,170.9,6.02
2000-05-01,10271.201666666666,4.0,171.2,6.27
2000-06-01,10294.683333333334,4.0,172.2,6.53
2000-07-01,10318.165,4.0,172.7,6.54
2000-08-01,10357.358,4.1,172.7,6.5
2000-09-01,10396.551000000001,3.9,173.6,6.52
2000-10-01,10435.744,3.9,173.9,6.51
2000-11-01,10447.239666666666,3.9,174.2,6.51
2000-12-01,10458.735333333334,3.9,174.6,6.4
2001-01-01,10470.231,4.2,175.6,5.98
2001-02-01,10513.154,4.2,176.0,5.49
2001-03-01,10556.077,4.3,176.1,5.31
2001-04-01,10599.0,4.4,176.4,4.8
2001-05-01,10598.673333333334,4.3,177.3,4.21
2001-06-01,10598.346666666666,4.5,177.7,3.97
2001-07-01,10598.02,4.6,177.4,3.77
2001-08-01,10618.835000000001,4.9,177.4,3.65
2001-09-01,10639.65,5.0,178.1,3.07
2001-10-01,10660.465,5.3,177.6,2.49
2001-11-01,10701.476666666667,5.5,177.5,2.09
2001-12-01,10742.488333333333,5.7,177.4,1.82
2002-01-01,10783.5,5.7,177.7,1.73
2002-02-01,10818.153333333334,5.7,178.0,1.74
2002-03-01,10852.806666666665,5.7,178.5,1.73
2002-04-01,10887.46,5.9,179.3,1.75
2002-05-01,10919.653333333334,5.8,179.5,1.75
2002-06-01,10951.846666666666,5.8,179.6,1.75
2002-07-01,10984.04,5.8,180.0,1.73
2002-08-01,11009.837666666668,5.7,180.5,1.74
2002-09-01,11035.635333333334,5.7,180.8,1.75
2002-10-01,11061.433,5.7,181.2,1.75
2002-11-01,11098.998333333335,5.9,181.5,1.34
2002-12-01,11136.563666666667,6.0,181.8,1.24
2003-01-01,11174.129,5.8,182.6,1.24
2003-02-01,11220.341333333334,5.9,183.6,1.26
2003-03-01,11266.553666666667,5.9,183.9,1.25
2003-04-01,11312.766,6.0,183.2,1.26
2003-05-01,11397.400333333333,6.1,182.9,1.26
2003-06-01,11482.034666666666,6.3,183.1,1.22
2003-07-01,11566.669,6.2,183.7,1.01
2003-08-01,11635.190666666667,6.1,184.5,1.03
2003-09-01,11703.712333333333,6.1,185.1,1.01
2003-10-01,11772.234,6.0,184.9,1.01
2003-11-01,11822.638333333334,5.8,185.0,1.0
2003-12-01,11873.042666666666,5.7,185.5,0.98
2004-01-01,11923.447,5.7,186.3,1.0
2004-02-01,11986.569666666666,5.6,186.7,1.01
2004-03-01,12049.692333333334,5.8,187.1,1.0
2004-04-01,12112.815,5.6,187.4,1.0
2004-05-01,12176.979000000001,5.6,188.2,1.0
2004-06-01,12241.143,5.6,188.9,1.03
2004-07-01,12305.307,5.5,189.1,1.26
2004-08-01,12379.276,5.4,189.2,1.43
2004-09-01,12453.245,5.4,189.8,1.61
2004-10-01,12527.214,5.5,190.8,1.76
2004-11-01,12607.238,5.4,191.7,1.93
2004-12-01,12687.262,5.4,191.7,2.16
2005-01-01,12767.286,5.3,191.6,2.28
2005-02-01,12819.076000000001,5.4,192.4,2.5
2005-03-01,12870.866,5.2,193.1,2.63
2005-04-01,12922.656,5.2,193.7,2.79
2005-05-01,12995.984666666667,5.1,193.6,3.0
2005-06-01,13069.313333333334,5.0,193.7,3.04
2005-07-01,13142.642,5.0,194.9,3.26
2005-08-01,13203.162666666667,4.9,196.1,3.5
2005-09-01,13263.683333333332,5.0,198.8,3.62
2005-10-01,13324.204,5.0,199.1,3.78
2005-11-01,13415.856,5.0,198.1,4.0
2005-12-01,13507.508,4.9,198.1,4.16
2006-01-01,13599.16,4.7,199.3,4.29
2006-02-01,13650.581333333334,4.8,199.4,4.49
2006-03-01,13702.002666666667,4.7,199.7,4.59
2006-04-01,13753.424,4.7,200.7,4.79
2006-05-01,13792.345333333335,4.6,201.3,4.94
2006-06-01,13831.266666666666,4.6,201.8,4.99
2006-07-01,13870.188,4.7,202.9,5.24
2006-08-01,13926.645333333334,4.7,203.8,5.25
2006-09-01,13983.102666666666,4.5,202.8,5.25
2006-10-01,14039.56,4.4,201.9,5.25
2006-11-01,14098.257,4.5,202.0,5.25
2006-12-01,14156.954,4.4,203.1,5.24
2007-01-01,14215.651,4.6,203.437,5.25
2007-02-01,14277.794666666667,4.5,204.226,5.26
2007-03-01,14339.938333333334,4.4,205.288,5.26
2007-04-01,14402.082,4.5,205.904,5.25
2007-05-01,14456.093666666668,4.4,206.755,5.25
2007-06-01,14510.105333333333,4.6,207.234,5.25
2007-07-01,14564.117,4.7,207.603,5.26
2007-08-01,14614.430666666667,4.6,207.667,5.02
2007-09-01,14664.744333333334,4.7,208.547,4.94
2007-10-01,14715.058,4.7,209.19,4.76
2007-11-01,14712.218,4.7,210.834,4.49
2007-12-01,14709.378,5.0,211.445,4.24
2008-01-01,14706.538,5.0,212.174,3.94
2008-02-01,14759.592333333334,4.9,212.687,2.98
2008-03-01,14812.646666666666,5.1,213.448,2.61
2008-04-01,14865.701,5.0,213.942,2.28
2008-05-01,14876.800333333333,5.4,215.208,1.98
2008-06-01,14887.899666666666,5.6,217.463,2.0
2008-07-01,14898.999,5.8,219.016,2.01
2008-08-01,14802.069,6.1,218.69,2.0
2008-09-01,14705.139000000001,6.1,218.877,1.81
2008-10-01,14608.209,6.5,216.995,0.97
2008-11-01,14549.106666666667,6.8,213.153,0.39
2008-12-01,14490.004333333334,7.3,211.398,0.16
2009-01-01,14430.902,7.8,211.933,0.15
2009-02-01,14414.346666666666,8.3,212.705,0.22
2009-03-01,14397.791333333334,8.7,212.495,0.18
2009-04-01,14381.236,9.0,212.709,0.15
2009-05-01,14403.784666666666,9.4,213.022,0.18
2009-06-01,14426.333333333334,9.5,214.79,0.21
2009-07-01,14448.882,9.5,214.726,0.16
2009-08-01,14516.337666666666,9.6,215.445,0.16
2009-09-01,14583.793333333333,9.8,215.861,0.15
2009-10-01,14651.249,10.0,216.509,0.12
2009-11-01,14689.036,9.9,217.234,0.12
2009-12-01,14726.823,9.9,217.347,0.12
2010-01-01,14764.61,9.8,217.488,0.11
2010-02-01,14836.471,9.8,217.281,0.13
2010-03-01,14908.332,9.9,217.353,0.16
2010-04-01,14980.193,9.9,217.403,0.2
2010-05-01,15033.997666666666,9.6,217.29,0.2
2010-06-01,15087.802333333333,9.4,217.199,0.18
2010-07-01,15141.607,9.4,217.605,0.18
2010-08-01,15197.562666666667,9.5,217.923,0.19
2010-09-01,15253.518333333333,9.5,218.275,0.19
2010-10-01,15309.474,9.4,219.035,0.19
2010-11-01,15323.465333333334,9.8,219.59,0.19
2010-12-01,15337.456666666667,9.3,220.472,0.18
2011-01-01,15351.448,9.1,221.187,0.17
2011-02-01,15420.145,9.0,221.898,0.16
2011-03-01,15488.842,9.0,223.046,0.14
2011-04-01,15557.539,9.1,224.093,0.1
2011-05-01,15587.586000000001,9.0,224.806,0.09
2011-06-01,15617.633,9.1,224.806,0.09
2011-07-01,15647.68,9.0,225.395,0.07
2011-08-01,15712.539666666667,9.0,226.106,0.1
2011-09-01,15777.399333333333,9.0,226.597,0.08
2011-10-01,15842.259,8.8,226.75,0.07
2011-11-01,15917.774333333333,8.6,227.169,0.08
2011-12-01,15993.289666666667,8.5,227.223,0.07
2012-01-01,16068.805,8.3,227.842,0.08
2012-02-01,16114.908333333333,8.3,228.329,0.1
2012-03-01,16161.011666666667,8.2,228.807,0.13
2012-04-01,16207.115,8.2,229.187,0.14
2012-05-01,16244.590333333334,8.2,228.713,0.16
2012-06-01,16282.065666666665,8.2,228.524,0.16
2012-07-01,16319.541,8.2,228.59,0.16
2012-08-01,16353.167,8.1,229.918,0.13
2012-09-01,16386.793,7.8,231.015,0.14
2012-10-01,16420.419,7.8,231.638,0.16
2012-11-01,16496.342333333334,7.7,231.249,0.16
2012-12-01,16572.265666666666,7.9,231.221,0.16
2013-01-01,16648.189,8.0,231.679,0.14
2013-02-01,16675.021666666667,7.7,232.937,0.15
2013-03-01,16701.854333333333,7.5,232.282,0.14
2013-04-01,16728.687,7.6,231.797,0.15
2013-05-01,16803.737333333334,7.5,231.893,0.11
2013-06-01,16878.787666666667,7.5,232.445,0.09
2013-07-01,16953.838,7.3,232.9,0.09
2013-08-01,17033.231666666667,7.2,233.456,0.08
2013-09-01,17112.625333333333,7.2,233.544,0.08
2013-10-01,17192.019,7.2,233.669,0.09
2013-11-01,17193.925333333333,6.9,234.1,0.08
2013-12-01,17195.83166666667,6.7,234.719,0.09
2014-01-01,17197.738,6.6,235.288,0.07
2014-02-01,17304.661333333333,6.7,235.547,0.07
2014-03-01,17411.58466666667,6.7,236.028,0.08
2014-04-01,17518.508,6.2,236.468,0.09
2014-05-01,17613.748,6.3,236.918,0.09
2014-06-01,17708.988,6.1,237.231,0.1
2014-07-01,17804.228,6.2,237.498,0.09
2014-08-01,17840.178333333333,6.1,237.46,0.09
2014-09-01,17876.128666666667,5.9,237.477,0.09
2014-10-01,17912.079,5.7,237.43,0.09
2014-11-01,17962.562333333335,5.8,236.983,0.09
2014-12-01,18013.045666666665,5.6,236.252,0.12
2015-01-01,18063.529,5.7,234.747,0.11
2015-02-01,18135.613999999998,5.5,235.342,0.11
2015-03-01,18207.699,5.4,235.976,0.11
2015-04-01,18279.784,5.4,236.222,0.12
2015-05-01,18320.398,5.6,237.001,0.12
2015-06-01,18361.012,5.3,237.657,0.13
2015-07-01,18401.626,5.2,238.034,0.13
2015-08-01,18412.796333333332,5.1,238.033,0.14
2015-09-01,18423.966666666667,5.0,237.498,0.14
2015-10-01,18435.137,5.0,237.733,0.12
2015-11-01,18465.40233333333,5.1,238.017,0.12
2015-12-01,18495.667666666668,5.0,237.761,0.24
2016-01-01,18525.933,4.8,237.652,0.34
2016-02-01,18587.856,4.9,237.336,0.38
2016-03-01,18649.779000000002,5.0,238.08,0.36
2016-04-01,18711.702,5.1,238.992,0.37
2016-05-01,18772.014333333333,4.8,239.557,0.37
2016-06-01,18832.326666666668,4.9,240.222,0.38
2016-07-01,18892.639,4.8,240.101,0.39
2016-08-01,18958.219,4.9,240.545,0.4
2016-09-01,19023.799,5.0,241.176,0.4
2016-10-01,19089.379,4.9,241.741,0.4
2016-11-01,19152.947333333334,4.7,242.026,0.41
2016-12-01,19216.515666666666,4.7,242.637,0.54
2017-01-01,19280.084,4.7,243.618,0.65
2017-02-01,19332.936999999998,4.6,244.006,0.66
2017-03-01,19385.79,4.4,243.892,0.79
2017-04-01,19438.643,4.4,244.193,0.9
2017-05-01,19523.29366666667,4.4,244.004,0.91
2017-06-01,19607.944333333333,4.3,244.163,1.04
2017-07-01,19692.595,4.3,244.243,1.15
2017-08-01,19807.426,4.4,245.183,1.16
2017-09-01,19922.257,4.3,246.435,1.15
2017-10-01,20037.088,4.2,246.626,1.15
2017-11-01,20134.243,4.2,247.284,1.16
2017-12-01,20231.398,4.1,247.805,1.3
2018-01-01,20328.553,4.0,248.859,1.41
2018-02-01,20412.672666666665,4.1,249.529,1.42
2018-03-01,20496.792333333335,4.0,249.577,1.51
2018-04-01,20580.912,4.0,250.227,1.69
2018-05-01,20653.518,3.8,250.792,1.7
2018-06-01,20726.124,4.0,251.018,1.82
2018-07-01,20798.73,3.8,251.214,1.91
2018-08-01,20838.442333333332,3.8,251.663,1.91
2018-09-01,20878.154666666665,3.7,252.182,1.95
2018-10-01,20917.867,3.8,252.772,2.19
2018-11-01,20982.444666666666,3.8,252.594,2.2
2018-12-01,21047.02233333333,3.9,252.767,2.27
2019-01-01,21111.6,4.0,252.561,2.4
2019-02-01,21207.046,3.8,253.319,2.4
2019-03-01,21302.492,3.8,254.277,2.41
2019-04-01,21397.938,3.7,255.233,2.42
2019-05-01,21504.349,3.6,255.296,2.39
2019-06-01,21610.76,3.6,255.213,2.38
2019-07-01,21717.171,3.7,255.802,2.4
2019-08-01,21789.18633333333,3.6,256.036,2.13
2019-09-01,21861.201666666668,3.5,256.43,2.04
2019-10-01,21933.217,3.6,257.155,1.83
2019-11-01,21864.697,3.6,257.879,1.55
2019-12-01,21796.177,3.6,258.63,1.55
2020-01-01,21727.657,3.6,259.127,1.55
2020-02-01,21130.252666666667,3.5,259.25,1.58
2020-03-01,20532.84833333333,4.4,258.076,0.65
2020-04-01,19935.444,14.8,256.032,0.05
2020-05-01,20518.479666666666,13.2,255.802,0.05
2020-06-01,21101.515333333333,11.0,257.042,0.08
2020-07-01,21684.551,10.2,258.352,0.09
2020-08-01,21812.623,8.4,259.316,0.1
2020-09-01,21940.695,7.8,259.997,0.09
2020-10-01,22068.767,6.9,260.319,0.09
2020-11-01,22264.77566666667,6.7,260.911,0.09
2020-12-01,22460.784333333333,6.7,262.045,0.09
2021-01-01,22656.793,6.4,262.639,0.09
2021-02-01,22894.149,6.2,263.573,0.08
2021-03-01,23131.505,6.1,264.847,0.07
2021-04-01,23368.861,6.1,266.625,0.07
2021-05-01,23553.237666666668,5.8,268.404,0.06
2021-06-01,23737.614333333335,5.9,270.71,0.08
2021-07-01,23921.991,5.4,271.965,0.1
2021-08-01,24207.006666666668,5.1,272.752,0.09
2021-09-01,24492.022333333334,4.7,273.942,0.08
2021-10-01,24777.038,4.5,276.528,0.08
2021-11-01,24923.189000000002,4.2,278.824,0.08
2021-12-01,25069.34,3.9,280.806,0.08
2022-01-01,25215.491,4.0,282.542,0.08
2022-02-01,25412.25766666667,3.8,284.525,0.08
2022-03-01,25609.024333333335,3.7,287.467,0.2
2022-04-01,25805.791,3.7,288.582,0.33
2022-05-01,25961.197666666667,3.6,291.299,0.77
2022-06-01,26116.604333333333,3.6,295.072,1.21
2022-07-01,26272.011,3.5,294.94,1.68
2022-08-01,26426.099666666665,3.6,295.162,2.33
2022-09-01,26580.18833333333,3.5,296.421,2.56
2022-10-01,26734.277,3.6,297.979,3.08
2022-11-01,26877.637666666666,3.6,298.708,3.78
2022-12-01,27020.998333333333,3.5,298.808,4.1
2023-01-01,27164.359,3.5,300.456,4.33
2023-02-01,27260.844333333334,3.6,301.476,4.57
2023-03-01,27357.329666666665,3.5,301.643,4.65
2023-04-01,27453.815,3.4,302.858,4.83
2023-05-01,27625.109,3.6,303.316,5.06
2023-06-01,27796.403,3.6,304.099,5.08
2023-07-01,27967.697,3.5,304.615,5.12
2023-08-01,28077.453666666668,3.7,306.138,5.33
2023-09-01,28187.210333333333,3.8,307.374,5.33
2023-10-01,28296.967,3.9,307.653,5.33
2023-11-01,28406.001,3.7,308.087,5.33
2023-12-01,28515.035,3.8,308.735,5.33
2024-01-01,28624.069,3.7,309.794,5.33
2024-02-01,28754.950666666668,3.9,311.022,5.33
2024-03-01,28885.832333333332,3.9,312.107,5.33
2024-04-01,29016.714,3.9,313.016,5.33
2024-05-01,29136.114,4.0,313.14,5.33
2024-06-01,29255.514,4.1,313.131,5.33
2024-07-01,29374.914,4.2,313.566,5.33
2024-08-01,29491.230666666666,4.2,314.131,5.33
2024-09-01,29607.547333333336,4.1,314.851,5.13
2024-10-01,29723.864,4.1,315.564,4.83
2024-11-01,29803.258333333335,4.2,316.449,4.64
2024-12-01,29882.652666666665,4.1,317.603,4.48
2025-01-01,29962.047,4.0,319.086,4.33
2025-02-01,29962.047,4.1,319.775,4.33
2025-03-01,29962.047,4.2,319.615,4.33
2025-04-01,29962.047,4.2,320.321,4.33
2025-05-01,29962.047,4.2,320.58,4.33
2025-06-01,29962.047,4.1,320.58,4.33
